{"cells":[{"count":1,"key":"custom/speed/device","length":"not-applicable","maximumTrimLevel":1,"mode":"custom","modelID":"pro_custom","statistics":{"audioSeconds":{"count":1,"iqr":0.0,"max":1.6,"median":1.6,"min":1.6},"blockIOOperations":{"count":1,"iqr":0.0,"max":0.0,"median":0.0,"min":0.0},"contextSwitches":{"count":1,"iqr":0.0,"max":27077.0,"median":27077.0,"min":27077.0},"cpuSystemSeconds":{"count":1,"iqr":0.0,"max":0.6630560000000001,"median":0.6630560000000001,"min":0.6630560000000001},"cpuUserSeconds":{"count":1,"iqr":0.0,"max":1.34965,"median":1.34965,"min":1.34965},"decodeWallSeconds":{"count":1,"iqr":0.0,"max":1.149,"median":1.149,"min":1.149},"finalizationMS":{"count":1,"iqr":0.0,"max":9.0,"median":9.0,"min":9.0},"generatedTokens":{"count":1,"iqr":0.0,"max":20.0,"median":20.0,"min":20.0},"gpuRecommendedWorkingSetMB":{"count":1,"iqr":0.0,"max":8192.015625,"median":8192.015625,"min":8192.015625},"gpuWorkingSetUsageRatioPeak":{"count":1,"iqr":0.0,"max":0.2926744600783156,"median":0.2926744600783156,"min":0.2926744600783156},"headroomEndMB":{"count":1,"iqr":0.0,"max":3906.622314453125,"median":3906.622314453125,"min":3906.622314453125},"headroomStartMB":{"count":1,"iqr":0.0,"max":6122.030349731445,"median":6122.030349731445,"min":6122.030349731445},"impliedProcessLimitMB":{"count":1,"iqr":0.0,"max":6144.0,"median":6144.0,"min":6144.0},"maximumPressureLevel":{"count":1,"iqr":0.0,"max":1.0,"median":1.0,"min":1.0},"maximumTrimLevel":{"count":1,"iqr":0.0,"max":1.0,"median":1.0,"min":1.0},"memoryExitCount":{"count":1,"iqr":0.0,"max":0.0,"median":0.0,"min":0.0},"memoryPressureEventCount":{"count":1,"iqr":0.0,"max":0.0,"median":0.0,"min":0.0},"memoryTimeToPeakMS":{"count":1,"iqr":0.0,"max":1667.257542,"median":1667.257542,"min":1667.257542},"memoryTrimCount":{"count":1,"iqr":0.0,"max":1.0,"median":1.0,"min":1.0},"memoryWarningCount":{"count":1,"iqr":0.0,"max":0.0,"median":0.0,"min":0.0},"minimumHeadroomMB":{"count":1,"iqr":0.0,"max":3788.137939453125,"median":3788.137939453125,"min":3788.137939453125},"mlxActivePeakMB":{"count":1,"iqr":0.0,"max":2109.509452819824,"median":2109.509452819824,"min":2109.509452819824},"mlxCachePeakMB":{"count":1,"iqr":0.0,"max":86.37772750854492,"median":86.37772750854492,"min":86.37772750854492},"mlxPeakMB":{"count":1,"iqr":0.0,"max":2515.5902795791626,"median":2515.5902795791626,"min":2515.5902795791626},"modelLoadMS":{"count":1,"iqr":0.0,"max":1044.0,"median":1044.0,"min":1044.0},"pageFaults":{"count":1,"iqr":0.0,"max":134827.0,"median":134827.0,"min":134827.0},"peakCompressedMB":{"count":1,"iqr":0.0,"max":0.0,"median":0.0,"min":0.0},"peakGPUAllocatedMB":{"count":1,"iqr":0.0,"max":2397.59375,"median":2397.59375,"min":2397.59375},"peakPhysicalFootprintMB":{"count":1,"iqr":0.0,"max":2359.799560546875,"median":2359.799560546875,"min":2359.799560546875},"peakProcessBudgetUtilization":{"count":1,"iqr":0.0,"max":0.38383597109548934,"median":0.38383597109548934,"min":0.38383597109548934},"peakResidentMB":{"count":1,"iqr":0.0,"max":2167.859375,"median":2167.859375,"min":2167.859375},"physicalFootprintDeltaMB":{"count":1,"iqr":0.0,"max":2215.4080352783203,"median":2215.4080352783203,"min":2215.4080352783203},"physicalFootprintEndMB":{"count":1,"iqr":0.0,"max":2237.377685546875,"median":2237.377685546875,"min":2237.377685546875},"physicalFootprintStartMB":{"count":1,"iqr":0.0,"max":21.969650268554688,"median":21.969650268554688,"min":21.969650268554688},"residentDeltaMB":{"count":1,"iqr":0.0,"max":2082.328125,"median":2082.328125,"min":2082.328125},"residentEndMB":{"count":1,"iqr":0.0,"max":2167.84375,"median":2167.84375,"min":2167.84375},"residentStartMB":{"count":1,"iqr":0.0,"max":85.515625,"median":85.515625,"min":85.515625},"rtf":{"count":1,"iqr":0.0,"max":0.6771979474227773,"median":0.6771979474227773,"min":0.6771979474227773},"samplerBoundarySampleCount":{"count":1,"iqr":0.0,"max":17.0,"median":17.0,"min":17.0},"samplerCaptureFailureCount":{"count":1,"iqr":0.0,"max":0.0,"median":0.0,"min":0.0},"samplerCoverage":{"count":1,"iqr":0.0,"max":1.0,"median":1.0,"min":1.0},"samplerEffectiveMedianIntervalMS":{"count":1,"iqr":0.0,"max":504.615583,"median":504.615583,"min":504.615583},"samplerMaximumDriftMS":{"count":1,"iqr":0.0,"max":36.281667,"median":36.281667,"min":36.281667},"samplerMaximumLatenessMS":{"count":1,"iqr":0.0,"max":36.281667,"median":36.281667,"min":36.281667},"samplerMissedDeadlineCount":{"count":1,"iqr":0.0,"max":0.0,"median":0.0,"min":0.0},"samplerPeriodicSampleCount":{"count":1,"iqr":0.0,"max":4.0,"median":4.0,"min":4.0},"samplerSampleCount":{"count":1,"iqr":0.0,"max":23.0,"median":23.0,"min":23.0},"samplerTargetIntervalMS":{"count":1,"iqr":0.0,"max":500.0,"median":500.0,"min":500.0},"tokensPerSecond":{"count":1,"iqr":0.0,"max":17.418961910930104,"median":17.418961910930104,"min":17.418961910930104},"totalDeviceRAMMB":{"count":1,"iqr":0.0,"max":11721.0625,"median":11721.0625,"min":11721.0625}},"status":"passedWithWarnings","variant":"speed","warmState":"cold","warningCount":1,"worstQCVerdict":"pass","worstThermalState":"nominal"}],"comparison":{"baselineRunID":null,"comparable":false,"deltas":{},"key":"f1c8dc2684fb863a8aced82ba88a5d881a2332a5f36da189334a10acc2f33b7b"},"digest":"53b16cc91e8976083d835f051de20f49747bd6a155200f2ad7144462a5235b94","evidence":{"actualTakeCount":1,"crashCount":0,"crashDeltaPassed":true,"expectedTakeCount":1,"manifestDigest":"57577ac6a8159e63016944f257e7c63184e9a2f8c8c7929a61dca2a33527fc96","memoryContractVersion":1,"memoryQualified":true,"qcAlgorithmVersion":3,"rawTelemetryDigest":"acb9d9a710806cb534d6f57dcb03cfb4a011ca8b9a81aeff107698c7ac000e17","resultBundleDigest":"not-applicable","sampleSidecarCount":1,"sampleSidecarsDigest":"9da6b6f7a3ec18f478b023f5ae9b96363461b4801576ed059eda9150833e9aed","screenshotDigests":[],"selectedEvidenceDigest":"ae8caef1c53e54fc158aa9748e40edf00627ad6bd6c444a6adbc77e440493fcf","telemetrySchemaVersion":8,"validatorPassed":true,"validatorSchemaVersion":1},"hardware":{"chip":"Apple A19 Pro","cpuCores":6,"efficiencyCores":4,"freeStorageBytes":40181997568,"loadAverage1M":1.6376953125,"lowPowerMode":false,"marketingName":"iPhone 17 Pro","memoryBytes":12884901888,"modelIdentifier":"iPhone18,1","osBuild":"23F84","osName":"iOS","osVersion":"26.5.2","performanceCores":2,"profileID":"iphone-17-pro","thermalState":"nominal","transport":"local-network","uptimeSeconds":241660.40095216667},"inputs":{"analysisProfileHash":"not-applicable","contractHash":"2f40baa27cd686443ecc9b57b30b8b3bfe85bdccd66b604be4505c93fc91614e","corpusHash":"a7525f13f3f3c8b557d82f042d7099e2adecd5207cee567811548d79a2c80fea","dependencyLockHash":"28e071b9a75dedb20524ae68bf70394653a78123fd12c253eb8649e11a1be072","harnessHash":"82f59c11bb00d7ca77b4d5632a1dcacd66b001b529097d4a232c36e9877ed8c6","matrixHash":"09d2f4aa0eac65940530e1165608df65a14321297ffdc68e1b347786833f4d10","projectInputHash":"365d63a0a0290736b635540423c121ceeccd7eb1cbbb4b5425382b1b223cac1a"},"listening":{"annotatedAt":null,"note":"","status":"not-performed"},"models":[{"artifactVersion":"2026.04.05.2","fixtureDigest":"not-applicable","integrityDigest":"6d593af97649c4955a3042f77d00687ea58d003de914f372639fdc5a96f82eb2","mode":"custom","modelID":"mlx-community/Qwen3-TTS-12Hz-1.7B-CustomVoice-4bit","quantization":"4-bit","revision":"f35faf19b0cc2160865af64ecf0f22f83d335135","runtimeProfileSignature":"qwen3_tts|custom_voice|4bit|24000|qwen3_tts_tokenizer_12hz|auto,chinese,english,french,german,italian,japanese,korean,portuguese,russian,spanish|aiden,dylan,eric,ono_anna,ryan,serena,sohee,uncle_fu,vivian|pro1b7|instruction|no_x_vector_only_clone","variant":"speed"}],"run":{"classification":"exploratory","durationSeconds":2.0,"finishedAt":"2026-07-19T23:22:11Z","id":"ios-gate-bench-20260719-232101-283a4b1c","kind":"engine-generation","label":"ios-gate-bench","matrixScope":"focused","platform":"ios","startedAt":"2026-07-19T23:22:09Z","status":"passedWithWarnings","warnings":["memory.pressure.soft_trim"]},"schemaVersion":2,