{"cells":[{"count":1,"key":"custom/speed/device","length":"not-applicable","maximumTrimLevel":1,"mode":"custom","modelID":"pro_custom","statistics":{"audioSeconds":{"count":1,"iqr":0.0,"max":11.84,"median":11.84,"min":11.84},"blockIOOperations":{"count":1,"iqr":0.0,"max":0.0,"median":0.0,"min":0.0},"contextSwitches":{"count":1,"iqr":0.0,"max":126395.0,"median":126395.0,"min":126395.0},"cpuSystemSeconds":{"count":1,"iqr":0.0,"max":2.495737,"median":2.495737,"min":2.495737},"cpuUserSeconds":{"count":1,"iqr":0.0,"max":14.908558,"median":14.908558,"min":14.908558},"decodeWallSeconds":{"count":1,"iqr":0.0,"max":32.308,"median":32.308,"min":32.308},"finalizationMS":{"count":1,"iqr":0.0,"max":1.0,"median":1.0,"min":1.0},"generatedTokens":{"count":1,"iqr":0.0,"max":148.0,"median":148.0,"min":148.0},"gpuRecommendedWorkingSetMB":{"count":1,"iqr":0.0,"max":8192.015625,"median":8192.015625,"min":8192.015625},"gpuWorkingSetUsageRatioPeak":{"count":1,"iqr":0.0,"max":0.3088659117395177,"median":0.3088659117395177,"min":0.3088659117395177},"headroomEndMB":{"count":1,"iqr":0.0,"max":3925.887939453125,"median":3925.887939453125,"min":3925.887939453125},"headroomStartMB":{"count":1,"iqr":0.0,"max":6122.249076843262,"median":6122.249076843262,"min":6122.249076843262},"impliedProcessLimitMB":{"count":1,"iqr":0.0,"max":6143.9375,"median":6143.9375,"min":6143.9375},"maximumPressureLevel":{"count":1,"iqr":0.0,"max":1.0,"median":1.0,"min":1.0},"maximumTrimLevel":{"count":1,"iqr":0.0,"max":1.0,"median":1.0,"min":1.0},"memoryExitCount":{"count":1,"iqr":0.0,"max":0.0,"median":0.0,"min":0.0},"memoryPressureEventCount":{"count":1,"iqr":0.0,"max":0.0,"median":0.0,"min":0.0},"memoryTimeToPeakMS":{"count":1,"iqr":0.0,"max":27000.251083,"median":27000.251083,"min":27000.251083},"memoryTrimCount":{"count":1,"iqr":0.0,"max":1.0,"median":1.0,"min":1.0},"memoryWarningCount":{"count":1,"iqr":0.0,"max":0.0,"median":0.0,"min":0.0},"minimumHeadroomMB":{"count":1,"iqr":0.0,"max":3479.669189453125,"median":3479.669189453125,"min":3479.669189453125},"mlxActivePeakMB":{"count":1,"iqr":0.0,"max":2109.732925415039,"median":2109.732925415039,"min":2109.732925415039},"mlxCachePeakMB":{"count":1,"iqr":0.0,"max":127.8191032409668,"median":127.8191032409668,"min":127.8191032409668},"mlxPeakMB":{"count":1,"iqr":0.0,"max":2507.2594680786133,"median":2507.2594680786133,"min":2507.2594680786133},"modelLoadMS":{"count":1,"iqr":0.0,"max":1024.0,"median":1024.0,"min":1024.0},"pageFaults":{"count":1,"iqr":0.0,"max":137774.0,"median":137774.0,"min":137774.0},"peakCompressedMB":{"count":1,"iqr":0.0,"max":0.0,"median":0.0,"min":0.0},"peakGPUAllocatedMB":{"count":1,"iqr":0.0,"max":2530.234375,"median":2530.234375,"min":2530.234375},"peakPhysicalFootprintMB":{"count":1,"iqr":0.0,"max":2664.987060546875,"median":2664.987060546875,"min":2664.987060546875},"peakProcessBudgetUtilization":{"count":1,"iqr":0.0,"max":0.43370807936520045,"median":0.43370807936520045,"min":0.43370807936520045},"peakResidentMB":{"count":1,"iqr":0.0,"max":2200.875,"median":2200.875,"min":2200.875},"physicalFootprintDeltaMB":{"count":1,"iqr":0.0,"max":2196.3611373901367,"median":2196.3611373901367,"min":2196.3611373901367},"physicalFootprintEndMB":{"count":1,"iqr":0.0,"max":2218.112060546875,"median":2218.112060546875,"min":2218.112060546875},"physicalFootprintStartMB":{"count":1,"iqr":0.0,"max":21.75092315673828,"median":21.75092315673828,"min":21.75092315673828},"residentDeltaMB":{"count":1,"iqr":0.0,"max":2117.75,"median":2117.75,"min":2117.75},"residentEndMB":{"count":1,"iqr":0.0,"max":2200.109375,"median":2200.109375,"min":2200.109375},"residentStartMB":{"count":1,"iqr":0.0,"max":82.359375,"median":82.359375,"min":82.359375},"rtf":{"count":1,"iqr":0.0,"max":0.35217884776534436,"median":0.35217884776534436,"min":0.35217884776534436},"samplerBoundarySampleCount":{"count":1,"iqr":0.0,"max":17.0,"median":17.0,"min":17.0},"samplerCaptureFailureCount":{"count":1,"iqr":0.0,"max":0.0,"median":0.0,"min":0.0},"samplerCoverage":{"count":1,"iqr":0.0,"max":1.0,"median":1.0,"min":1.0},"samplerEffectiveMedianIntervalMS":{"count":1,"iqr":0.0,"max":504.914166,"median":504.914166,"min":504.914166},"samplerMaximumDriftMS":{"count":1,"iqr":0.0,"max":414.446125,"median":414.446125,"min":414.446125},"samplerMaximumLatenessMS":{"count":1,"iqr":0.0,"max":414.446125,"median":414.446125,"min":414.446125},"samplerMissedDeadlineCount":{"count":1,"iqr":0.0,"max":0.0,"median":0.0,"min":0.0},"samplerPeriodicSampleCount":{"count":1,"iqr":0.0,"max":67.0,"median":67.0,"min":67.0},"samplerSampleCount":{"count":1,"iqr":0.0,"max":86.0,"median":86.0,"min":86.0},"samplerTargetIntervalMS":{"count":1,"iqr":0.0,"max":500.0,"median":500.0,"min":500.0},"tokensPerSecond":{"count":1,"iqr":0.0,"max":4.581655244271805,"median":4.581655244271805,"min":4.581655244271805},"totalDeviceRAMMB":{"count":1,"iqr":0.0,"max":11721.0625,"median":11721.0625,"min":11721.0625}},"status":"passedWithWarnings","variant":"speed","warmState":"cold","warningCount":1,"worstQCVerdict":"pass","worstThermalState":"nominal"}],"comparison":{"baselineRunID":null,"comparable":false,"deltas":{},"key":"1259c19140315eaf8fcc618aaf50c5a893ce9e0b3ea8efb8cb465130eafe0b7f"},"digest":"6b71d3fddc9e8f8604b9162378839dbf5f0cdae776627fc22e50853e80a341ba","evidence":{"actualTakeCount":1,"crashCount":0,"crashDeltaPassed":true,"expectedTakeCount":1,"manifestDigest":"797059443be949c951a3eabd8f99996aadd0038a5c2b6c787b55be725dba932c","memoryContractVersion":1,"memoryQualified":true,"qcAlgorithmVersion":3,"rawTelemetryDigest":"27a33ac5a9490f6283cac34145b0e9a6df7e1959df462eb55e5f4b109e2500e7","resultBundleDigest":"not-applicable","sampleSidecarCount":1,"sampleSidecarsDigest":"d1d07b3c3339efcb2716b8355f2d4624a32dbbc64079cbd5c639533ee6c8fc59","screenshotDigests":[],"selectedEvidenceDigest":"d08b80f5d13522701430c96909fa60af8fc0ee0e6561ce31cd6937e18148a458","telemetrySchemaVersion":8,"trace":{"captureSettings":{"exactPID":true,"profileKind":"memory","requestedDurationSeconds":90.0,"targetProcess":"Vocello","template":"CPU Profiler + Allocations + VM Tracker + os_signpost"},"captureSettingsDigest":"87dbb1971015bc1129b6691031dcfa9f0c015f95b9540865b7a5f953205e4db8","digest":"95f46e801d99d65ca254a1186eea27f8e191af940b3a92ab436c2c075d61e35b","durationSeconds":90.0,"originalEphemeralPath":"build/artifacts/ios/profiles/ios-memory-profile-20260714-112759-9a573224/ios-memory-profile-20260714-112759-9a573224.trace","rawTraceRetained":false,"retentionPolicy":"summaryOnly","summary":{"allocationDataExportStatus":"notExportable","allocationListPresent":true,"allocationTargetDataBytes":2624065536,"allocationTargetRowCount":0,"allocationTrackPresent":true,"artifact":"build/artifacts/ios/profiles/ios-memory-profile-20260714-112759-9a573224/ios-memory-profile-20260714-112759-9a573224.trace","capturedDataRowCount":67186,"capturedRowsBySchema":{"cpu-profile":51777,"os-signpost":10290,"os-signpost-arg":9,"os-signpost-interval":5110},"correlatedSignpostEventCount":137,"correlationFieldsVerified":true,"cpuCycleWeight":35817297785,"cpuSampleCount":51777,"cpuSampleSpanMS":92032.479833,"memoryTraceEvidenceVersion":2,"processCount":2,"schemaCount":13,"signpostEventCount":15409,"signpostSchemaCount":3,"tableCount":22,"targetPIDVerified":true,"targetProcess":"Vocello","tocDigest":"23ca1af599bddd4ac30977eb2e04116feaf83c8617175f5295b75f9c9e3fd697","vmTrackerDataExportStatus":"notExportable","vmTrackerRegionMapPresent":true,"vmTrackerTargetRowCount":0,"vmTrackerTrackPresent":true},"summaryArtifact":{"digest":"3a0815414680554abcc0ff684510a897d987803dd276a900851668a26cc6b273","path":"build/artifacts/ios/profiles/ios-memory-profile-20260714-112759-9a573224/profile-summary.json"},"template":"CPU Profiler + Allocations + VM Tracker + os_signpost","validated":true},"validatorPassed":true,"validatorSchemaVersion":1},"hardware":{"chip":"Apple A19 Pro","cpuCores":6,"efficiencyCores":4,"freeStorageBytes":56574443520,"loadAverage1M":1.50830078125,"lowPowerMode":false,